SIM卡ID（20位数字+字母）,序列号(13位数字),品牌,型号
1687235842g8d27t62c2,1.37E+12,中国移动,专网流量卡
1.23457E+19,1.34123E+12,中国移动,专网流量卡
1687235842g8d27t6111,13682177038,中国移动,专网流量卡
